"Nome","title","publishedAt","video_id","views"
"Lady Gaga","Lady Gaga - Speechless (Live At The VEVO Launch Event)",2009-12-25,"_7HvURBhMGE",27927085
"Lady Gaga","Lady Gaga - Eh, Eh (Nothing Else I Can Say)",2009-06-16,"mVEG793G3N4",70580912
"Lady Gaga","Lady Gaga - Poker Face",2009-12-20,"bESGLojNYSo",407630422
"Lady Gaga","Lady Gaga - Just Dance ft. Colby O'Donis",2009-06-17,"2Abk1jAONjw",218213722
"Lady Gaga","Lady Gaga - Beautiful, Dirty, Rich",2009-12-14,"7Nr33m1zXVE",34619962
"Lady Gaga","Lady Gaga - LoveGame",2009-06-16,"1mB0tP1I-14",131095285
"Lady Gaga","Lady Gaga - Bad Romance (Behind the Scenes)",2009-12-02,"R-Loodl2cgA",10304315
"Lady Gaga","Lady Gaga - Paparazzi (Explicit)",2009-11-24,"qStFzmQGQNw",25426182
"Lady Gaga","Lady Gaga - Paparazzi",2009-11-26,"d2smz_1L2_0",187492056
"Lady Gaga","Lady Gaga - Bad Romance",2009-11-24,"qrO4YZeyl0I",805604126
"Lady Gaga","Lady Gaga - Paparazzi (AOL Sessions)",2009-12-11,"XC1DRAxJr_A",24052180
"Lady Gaga","Lady Gaga - LoveGame (Behind the Scenes)",2009-12-11,"VGrWWrKntLw",10900805
"Lady Gaga","Eh, Eh (Nothing Else I Can Say) (Behind the Scenes)",2009-06-16,"zZ8GTIyi7e0",2736680
"Lady Gaga","Lady Gaga - Telephone ft. Beyoncé",2010-03-11,"GQ95z6ywcBY",61382081
"Lady Gaga","Lady Gaga - Telephone (Behind the Scenes) ft. Beyoncé",2010-03-16,"kQvBjs9u5Hw",15339038
"Lady Gaga","Lady Gaga - Poker Face (The Making Of)",2010-05-11,"fP6llF3sFgo",4954016
"Lady Gaga","Lady Gaga - The Fame Monster Best Buy In-Store",2010-01-09,"RoBj7JaiTlI",4530073
"Lady Gaga","Lady Gaga - Alejandro",2010-06-08,"niqrrmev4mA",301882436
"Lady Gaga","Lady Gaga - Bloody Mary",2011-05-18,"VFwmKL5OL-Q",14815101
"Lady Gaga","Lady Gaga - Scheiße",2011-05-18,"_sNi9nIXxVo",12658946
"Lady Gaga","Lady Gaga - Highway Unicorn (Road To Love)",2011-05-18,"-Q0m-48Sjok",4003972
"Lady Gaga","Lady Gaga - Marry The Night (Audio)",2011-05-18,"O4IgYxHEAuk",27074764
"Lady Gaga","Lady Gaga - Yoü And I (A Very Gaga Thanksgiving)",2011-11-25,"xcLtmrWC4Xc",2860354
"Lady Gaga","Lady Gaga - Government Hooker",2011-05-18,"o8uMXyxvbKA",8038015
"Lady Gaga","Lady Gaga - Born This Way (GRAMMYs on CBS)",2011-02-18,"xl0N7JM3wZk",22684285
"Lady Gaga","Lady Gaga - Born This Way (A Very Gaga Thanksgiving)",2011-11-25,"JLmMsQsp5ZM",4171583
"Lady Gaga","Lady Gaga - Just Dance (Gaga Live Sydney Monster Hall)",2011-08-24,"YdoR156Ba1Q",4852444
"Lady Gaga","Lady Gaga - Electric Chapel (Audio)",2011-05-20,"DDt_oagItBM",5015079
"Lady Gaga","Lady Gaga - Americano",2011-05-18,"fHGKG9dyTKI",13020783
"Lady Gaga","Lady Gaga - The Edge of Glory (A Very Gaga Thanksgiving)",2011-11-25,"jQ7BQuoRmbs",2735392
"Lady Gaga","Lady Gaga - Bad Kids",2011-05-18,"lxhjHz9FYQE",4526324
"Lady Gaga","Lady Gaga - Fashion Of His Love",2011-05-18,"cZv-yVuvFi4",2874859
"Lady Gaga","Lady Gaga - Hair (Audio)",2011-05-16,"Okq8xHrIZ8I",17387026
"Lady Gaga","Lady Gaga - Heavy Metal Lover (Audio)",2011-05-19,"lyN5157_Xos",6849426
"Lady Gaga","Lady Gaga - Judas (Gaga Live Sydney Monster Hall)",2011-08-24,"aRWfs_Ug-rU",4056533
"Lady Gaga","Lady Gaga - Marry The Night (A Very Gaga Thanksgiving)",2011-11-24,"4B9WXiffEps",6153882
"Lady Gaga","Lady Gaga - The Edge of Glory (Gaga Live Sydney Monster Hall)",2011-08-24,"8LznZ8JMkAM",2073132
"Lady Gaga","Lady Gaga - The Queen",2011-05-20,"Cf72ljWJqAY",3998926
"Lady Gaga","Lady Gaga - Born This Way (Gaga Live Sydney Monster Hall)",2011-08-24,"NCEcWA0wy_E",3053066
"Lady Gaga","Lady Gaga - Bad Romance (Gaga Live Sydney Monster Hall)",2011-08-24,"OXm6_v0rMCY",7380497
"Lady Gaga","Lady Gaga - Poker Face (Gaga Live Sydney Monster Hall)",2011-08-24,"3j4yah8vqGM",3161879
"Lady Gaga","Lady Gaga - Black Jesus † Amen Fashion (Audio)",2011-05-18,"gWL4u3Exiq8",3289930
"Lady Gaga","Lady Gaga - The Edge Of Glory",2011-06-17,"QeWBS0JBNzQ",111314163
"Lady Gaga","Lady Gaga - Hair (Gaga Live Sydney Monster Hall)",2011-08-24,"n0SgEueXZpk",1333193
"Lady Gaga","Lady Gaga - Yoü And I",2011-08-17,"X9YMU0WeBwU",111963948
"Lady Gaga","Lady Gaga - The Edge of Glory (Live on American Idol)",2011-05-28,"9fEZRnOV63w",5021003
"Lady Gaga","Lady Gaga - Judas (Live on SNL)",2011-05-22,"jllBU1SIEUg",4922222
"Lady Gaga","Lady Gaga - Born This Way (Live on SNL)",2011-05-22,"2E8MhqiyLTA",4687275
"Lady Gaga","Lady Gaga - Marry The Night: The Prelude Pathétique",2011-11-17,"L9oP_CKRUX4",6649477
"Lady Gaga","Lady Gaga - Judas (On The Record With Fuse)",2011-05-19,"zCn_QcS-4pY",599992
"Lady Gaga","Lady Gaga - Fashion Of His Love  (Fernando Garibay Remix)",2011-05-18,"H9ETL0UbVmY",506874
"Lady Gaga","Lady Gaga - Judas",2011-05-03,"wagn8Wrmzuc",270328618
"Lady Gaga","Lady Gaga - Scheiße (DJ White Shadow Mugler)",2011-05-18,"gKF9RunCC0I",725822
"Lady Gaga","Lady Gaga - VEVO News Exclusive Interview, Pt. 2",2011-12-03,"F6QDZmhuAOg",600216
"Lady Gaga","Lady Gaga - Marry The Night (Official Video)",2011-12-02,"cggNqDAtJYU",74280948
"Lady Gaga","Lady Gaga - Marry The Night (Zedd Remix)",2011-05-18,"R90Fb3VuAiA",1278379
"Lady Gaga","Lady Gaga - Judas (DJ White Shadow Remix)",2011-05-18,"WOeIthVgqzo",1921039
"Lady Gaga","Lady Gaga - VEVO News Exclusive Interview, Pt. 1",2011-12-03,"AQ_wSQZIDsU",1908603
"Lady Gaga","Lady Gaga - Born This Way",2011-02-28,"wV1FrqwZyKw",203594779
"Lady Gaga","Lady Gaga - VEVO News Exclusive Interview, Pt. 3",2011-12-03,"4kechGMbmmk",569900
"Lady Gaga","Lady Gaga - Trust (On The Record With Fuse)",2011-05-19,"RkuF8SZ1NqI",319001
"Lady Gaga","Lady Gaga - VEVO News: Lady Gaga Exclusive Interview Coming Soon!",2011-12-02,"HXc0NnDsZ30",1267563
"Lady Gaga","Lady Gaga - Do What U Want (Audio) ft. R. Kelly",2013-10-21,"A3jzMyYgPQs",48297362
"Lady Gaga","Lady Gaga - Dope (Audio)",2013-11-03,"1iSd_wTuA3U",5562443
"Lady Gaga","Lady Gaga - Dope (Explicit) (VEVO Presents)",2013-11-12,"lMyfd5w9kF8",4681658
"Lady Gaga","Lady Gaga - Venus (Audio)",2013-10-27,"nP3ctBs3510",18737430
"Lady Gaga","Lady Gaga - Applause (Official)",2013-08-19,"pco91kroVgQ",281825641
"Lady Gaga","Lady Gaga - Gypsy (VEVO Presents)",2013-11-12,"E9Be0ZXtMxY",2433533
"Lady Gaga","Lady Gaga - Venus (VEVO Presents)",2013-11-12,"aC6uZBY0wvQ",3696858
"Lady Gaga","Lady Gaga - Gypsy (Live on SNL)",2013-11-18,"WVpXeGefo_w",2044846
"Lady Gaga","Lady Gaga - Applause (VEVO Presents)",2013-11-12,"1iJLWonkhXg",3003972
"Lady Gaga","Lady Gaga - Sexxx Dreams (VEVO Presents)",2013-11-12,"KuAlDSBLF9M",2141269
"Lady Gaga","Lady Gaga - MANiCURE (VEVO Presents)",2013-11-12,"4TTOUVgLR_g",1152452
"Lady Gaga","Lady Gaga - Aura (VEVO Presents)",2013-11-12,"qYmOrk97nOc",1627344
"Lady Gaga","Lady Gaga - Applause (Official Audio)",2013-08-12,"_bHhpufKRjs",29893603
"Lady Gaga","Lady Gaga - ARTPOP (VEVO Presents)",2013-11-12,"lm4LuX9oK5w",4235124
"Lady Gaga","Lady Gaga - Machete Kills - Aura (Lyric Video)",2013-10-10,"V6qXX82I-Hs",14119559
"Lady Gaga","Lady Gaga - Do What U Want (Live on SNL) ft. R. Kelly",2013-11-18,"A4123vzCDS4",3647610
"Lady Gaga","Lady Gaga - Do What U Want (VEVO Presents) ft. R. Kelly",2013-11-12,"X_iA3XIDGIo",8336877
"Lady Gaga","Lady Gaga - Applause (Official Lyric Video)",2013-08-14,"9ld9cZ7d_2A",11372715
"Lady Gaga","Lady Gaga - Red Carpet Interview (2013 AMAs)",2013-11-27,"_dn-wEPbgAQ",793707
"Lady Gaga","Lady Gaga - G.U.Y. - An ARTPOP Film (G.U.Y.-Only Version)",2014-03-27,"ohs0a-QnFF4",54272185
"Lady Gaga","Tony Bennett, Lady Gaga - Bang Bang (My Baby Shot Me Down)",2014-09-30,"-huNrHAou-E",7427802
"Lady Gaga","Tony Bennett & Lady Gaga - Anything Goes (Studio Video)",2014-07-29,"Fg1meK-IgOM",5778368
"Lady Gaga","Tony Bennett, Lady Gaga - It Don't Mean A Thing (If It Ain't Got That Swing)",2014-11-25,"LYfF9VKMp4w",2987696
"Lady Gaga","Lady Gaga - ARTPOP (Live on The Tonight Show)",2014-02-20,"zeu2tI-tqvs",5744971
"Lady Gaga","Tony Bennett, Lady Gaga - But Beautiful",2014-10-13,"O1OdWOLWeCM",2818832
"Lady Gaga","Tony Bennett, Lady Gaga - Anything Goes",2014-09-26,"EIoyTlfUPPU",2137248
"Lady Gaga","Tony Bennett, Lady Gaga - Bewitched, Bothered And Bewildered (Rehearsal from Cirque Royal)",2014-10-24,"f_IYAvaa8cU",1014845
"Lady Gaga","Tony Bennett, Lady Gaga - I Can't Give You Anything But Love (Studio Video)",2014-08-26,"NNh7xyLwwLc",3476126
"Lady Gaga","Tony Bennett, Lady Gaga - But Beautiful",2014-10-01,"uQ013viL6rs",550981
"Lady Gaga","Tony Bennett, Lady Gaga - Nature Boy (Audio)",2014-09-16,"w_TPjDuoUBc",1210261
"Lady Gaga","Tony Bennett, Lady Gaga - Winter Wonderland (Audio)",2014-12-10,"To8giHgPS8U",750713
"Lady Gaga","I Can't Give You Anything But Love - Parov Stelar Mix (Audio Video)",2014-10-07,"BVYfOwLqyck",361488
"Lady Gaga","Tony Bennett, Lady Gaga - I Can't Give You Anything But Love (Audio)",2014-08-19,"MHvux1RN4rM",958015
"Lady Gaga","Lady Gaga - G.U.Y. - An ARTPOP Film",2014-03-23,"PNu_-deVemE",76011763
"Lady Gaga","Lady Gaga - Poker Face  [Live Belvedere Gig]",2014-01-02,"62UoOFsPCUM",1346800
"Lady Gaga","I Can't Give You Anything But Love - Giorgio Moroder Remix (Audio Video)",2014-10-07,"Q0ljkyyxAK4",212005
"Lady Gaga","Lady Gaga - G.U.Y. Behind The Scenes Teaser",2014-03-24,"VT51tOOhrUM",1551802
"Lady Gaga","Lady Gaga - Til It Happens To You",2015-09-18,"ZmWBrN7QV6Y",39015251
"Lady Gaga","Lady Gaga - Imagine (Live at Baku 2015 European Games Opening Ceremony)",2015-06-15,"q3ues1stefk",7912286
"Lady Gaga","Lady Gaga - New York, New York (Live From Sinatra 100)",2015-12-14,"hpiw3cDWmvc",4204800
"Lady Gaga","Lady Gaga - #VevoCertified Part 4: Lady Gaga on ArtPop",2015-01-12,"FT9aLRRXA6k",573994
"Lady Gaga","Tony Bennett, Lady Gaga - Goody Goody (From Cheek To Cheek LIVE!)",2015-01-28,"ADwEUhQg-0A",1369319
"Lady Gaga","Lady Gaga - #VevoCertified Part 1: Award Presentation",2015-01-12,"ogtrf1h81wA",544808
"Lady Gaga","Lady Gaga - #VevoCertified Part 6: Applause (Lady Gaga Commentary)",2015-01-12,"pTgGu2oUY8Q",464039
"Lady Gaga","Lady Gaga - #VevoCertified Part 2: Lady Gaga and Her Fans",2015-01-12,"hpcM4raKKXA",537237
"Lady Gaga","Lady Gaga - #VevoCertified Part 5: Bad Romance (Lady Gaga Commentary)",2015-01-12,"ATMHxwoBNVU",848526
"Lady Gaga","Lady Gaga - #VevoCertified Part 3: Lady Gaga on Music Videos",2015-01-12,"txaY93-X5RU",565542
"Lady Gaga","Lady Gaga - Million Reasons (Audio)",2016-10-06,"WYRJ-ryPEu0",51791931
"Lady Gaga","Lady Gaga - A-YO/John Wayne",2016-12-06,"6Ooj2W68_m8",19584705
"Lady Gaga","Lady Gaga - Million Reasons",2016-12-14,"en2D_5TzXCA",51328797
"Lady Gaga","Lady Gaga - Million Reasons (Medley/Live From The Victoria's Secret Fashion Show In Paris)",2016-12-06,"eeafBPG6naM",20178558
"Lady Gaga","Lady Gaga - Million Reasons (Live From The Bud Light x Lady Gaga Dive Bar Tour Nashville)",2016-10-14,"APlG5HRPFyY",5044675
"Lady Gaga","Lady Gaga - Million Reasons (Live At Royal Variety Performance)",2016-12-21,"Z8lUW9SKquY",3990436
"Lady Gaga","Lady Gaga - Million Reasons (Live From The American Music Awards 2016)",2016-11-22,"9q0TzIgNJfY",6691151
"Lady Gaga","Lady Gaga - Star-Spangled Banner (Live at Super Bowl 50)",2016-02-12,"GbXSZBnBOQ4",1565386
"Lady Gaga","Lady Gaga - A-YO (Audio)",2016-10-18,"-l5G5BT8-fQ",13199937
"Lady Gaga","Lady Gaga - Perfect Illusion",2016-09-21,"Xn599R0ZBwg",89940017
"Lady Gaga","Lady Gaga - A-YO",2016-10-21,"lxlKKCeb9QA",1449156
"Lady Gaga","Lady Gaga - Perfect Illusion (Audio)",2016-09-09,"oB94lvJbETE",26195561
"Lady Gaga","Lady Gaga - John Wayne",2017-02-09,"o9iQ8lIfyEs",17739290
"Lady Gaga","Lady Gaga - Pepsi Zero Sugar Super Bowl LI Halftime Show",2017-02-07,"mjrdywp5nyE",4798670
"Lady Gaga","Lady Gaga - Million Reasons (Live from Super Bowl LI)",2017-02-07,"hPiWHR16rHI",945616
"Lady Gaga","Lady Gaga - Million Reasons (Behind The Scenes From Super Bowl LI)",2017-02-27,"VV9CQ5eDGZE",1434566
"Lady Gaga","Lady Gaga - Million Reasons (Andrelli Remix/Audio)",2017-03-17,"1u9EdaI3rFw",764022
"Rihanna","Rihanna - Take A Bow",2009-11-30,"J3UjJ4wKLkg",283882837
"Rihanna","Rihanna - Russian Roulette",2009-12-05,"ZQ2nCGawrSY",214001315
"Rihanna","Rihanna - Rehab ft. Justin Timberlake",2009-12-14,"rJYcmq__nDM",214121922
"Rihanna","Rihanna - Unfaithful",2009-11-23,"rp4UwPZfRis",303557900
"Rihanna","Rihanna - Umbrella (Orange Version) ft. JAY-Z",2009-12-14,"CvBfHwUxHIk",315975355
"Rihanna","Rihanna - Disturbia",2009-12-14,"E1mU6h4Xdxc",136993896
"Rihanna","Rihanna - Pon de Replay (Internet Version)",2009-11-25,"oEauWw9ZGrA",80158663
"Rihanna","Rihanna - Hate That I Love You ft. Ne-Yo",2009-11-30,"KMOOr7GEkj8",218910657
"Rihanna","Rihanna - Shut Up And Drive",2009-12-14,"up7pvPqNkuU",94842568
"Rihanna","Rihanna - Don't Stop The Music",2009-11-21,"yd8jh9QYfEs",348461633
"Rihanna","Rihanna - We Ride",2009-11-23,"jlvY1o6XKwA",70499333
"Rihanna","Rihanna - Wait Your Turn",2009-11-24,"8u965-x-l3w",27634598
"Rihanna","Rihanna - Hard ft. Jeezy",2009-12-22,"Xcwd_Nz6Zog",127760181
"Rihanna","Rihanna - SOS",2009-10-07,"IXmF4GbA86E",88614296
"Rihanna","Rihanna - Pon de Replay (AOL Sessions)",2009-10-06,"lr9wk-hfgW4",10461904
"Rihanna","Rihanna - Good Girl Gone Bad (Control Room)",2009-11-30,"CKLAB4RtuTY",3507504
"Rihanna","Rihanna - Unfaithful (AOL Sessions #2)",2009-11-30,"Zc864NqRkwY",1407882
"Rihanna","Rihanna - Rehab (Live)",2009-11-30,"Q1OPeyq8XuU",1329215
"Rihanna","Rihanna - Umbrella (AOL Sessions)",2009-11-30,"JpdDzIwlUDs",1006354
"Rihanna","Rihanna - Unfaithful (AOL Sessions)",2009-10-09,"_5NT2jg75kw",1309934
"Rihanna","Rihanna - Umbrella (Pepsi Smash)",2009-11-30,"KUoPz0xYEoI",5045957
"Rihanna","Rihanna - Pon de Replay (MSN Video Version)",2009-10-09,"x86K-c6__ug",1599242
"Rihanna","Rihanna - Sell Me Candy (Control Room)",2009-11-30,"IJFbEEhYTTI",2777800
"Rihanna","Rihanna - Hate That I Love You (Live at The Bell Center, Montreal)",2009-11-30,"s_cfOsUW6nw",1221392
"Rihanna","Rihanna - Breakin' Dishes (Control Room)",2009-11-30,"79ColY1oIaU",3524791
"Rihanna","Rihanna - Shut Up and Drive (AOL Sessions)",2009-11-30,"F5w2LOBWpvg",779689
"Rihanna","Rihanna - You Don't Love Me (No, No, No) (Live on MSN) ft. Vybz Kartel",2009-10-06,"s1spMaW_SCg",1695205
"Rihanna","Rihanna - Unfaithful (Control Room)",2009-11-30,"RgOqJwB3ayE",262544
"Rihanna","Rihanna - Let Me (MSN Video)",2009-10-09,"USslQRHnBjE",1461473
"Rihanna","Rihanna - Break It Off (Control Room)",2009-11-30,"PT_S-BEHZgU",2432788
"Rihanna","Rihanna - Pon de Replay (Control Room)",2009-11-30,"WH9K4NkQra0",525093
"Rihanna","Rihanna - Umbrella (Control Room)",2009-11-30,"s3T5xYIT-X8",2088527
"Rihanna","Rihanna - Unfaithful (Cingular Sounds Live)",2009-10-09,"SbzVJxYNj8k",1448851
"Rihanna","Rihanna - Pon de Replay (Cingular Sounds Live)",2009-10-06,"uFsSi2pqms8",672143
"Rihanna","Rihanna - Shut Up and Drive (Yahoo! Pepsi Smash)",2009-11-30,"RBjsTufm__k",535089
"Rihanna","Rihanna - Unfaithful (MSN Video)",2009-10-06,"VthqERUclIg",325961
"Rihanna","Rihanna - Let Me (Control Room)",2009-11-30,"8pWf4a90H4g",275697
"Rihanna","Rihanna - Shut Up and Drive (Control Room)",2009-11-30,"xmpQ4f19b3Y",251331
"Rihanna","Rihanna - Only Girl (In The World)",2010-10-12,"pa14VNsdSYM",579153353
"Rihanna","Rihanna - Te Amo",2010-06-15,"Oe4Ic7fHWf8",110512723
"Rihanna","Rihanna - What's My Name? ft. Drake",2010-11-12,"U0CGsw6h60k",617311545
"Rihanna","Rihanna - Rude Boy",2010-02-09,"e82VE8UtW8A",412315837
"Rihanna","Rihanna - ROCKSTAR 101 ft. Slash",2010-05-20,"eMOIUUS8GWo",60094304
"Rihanna","Rihanna - If It's Lovin' That You Want (Live)",2010-12-03,"AXK-PsS-JeI",1601764
"Rihanna","Rihanna - California King Bed",2011-05-07,"nhBorPm6JjQ",237727416
"Rihanna","Rihanna - Cheers (Drink To That)",2011-08-27,"ZR0v0i63PQ4",133822685
"Rihanna","Rihanna - Talk That Talk (Audio) ft. JAY Z",2011-11-18,"Z8FarCnm1mE",55350891
"Rihanna","Rihanna - Man Down",2011-06-02,"sEhy-RXkNo0",480593173
"Rihanna","Rihanna - You Da One",2011-12-23,"b3HeLs8Yosw",190122756
"Rihanna","Rihanna - If It's Lovin' That You Want",2011-08-12,"hD5MRBzY1uM",48762315
"Rihanna","Rihanna - We All Want Love (Audio)",2011-11-18,"o8YxxmFTPdk",9459371
"Rihanna","Rihanna - Roc Me Out (Audio)",2011-11-18,"jNbb8M9_u2Y",9448875
"Rihanna","Rihanna - We Found Love ft. Calvin Harris",2011-10-20,"tg00YEETFzg",690743733
"Rihanna","Rihanna - Watch n' Learn (Audio)",2011-11-18,"Y7mVL78-3j8",8313829
"Rihanna","Rihanna - Cockiness (Love It) (Audio)",2011-11-18,"mbJRVufEX00",29451851
"Rihanna","Rihanna - Farewell (Audio)",2011-11-18,"_MOiwCMn30k",9612045
"Rihanna","Rihanna - Drunk On Love (Audio)",2011-11-18,"waGkmPv_NSo",10962189
"Rihanna","Rihanna - Where Have You Been (Audio)",2011-11-18,"H-0OuRVCAK8",43695870
"Rihanna","Rihanna - S&M",2011-01-31,"KdS6HFQ_LUc",84719829
"Rihanna","Rihanna - We Found Love (Audio) ft. Calvin Harris",2011-10-07,"GchEVSx9XEA",54979256
"Rihanna","Rihanna - Birthday Cake (Audio)",2011-11-18,"leK4eoqwmfU",20782795
"Rihanna","Rihanna - S&M Remix (Audio) ft. Britney Spears",2011-04-14,"Jcczg4ad0wA",12240221
"Rihanna","Rihanna - We Found Love (Behind The Scenes, Pt 2) ft. Calvin Harris",2011-10-26,"G9OboXnacrs",2281795
"Rihanna","Rihanna - Where Have You Been",2012-04-30,"HBxt_v0WF6Y",376938605
"Rihanna","Rihanna - Diamonds",2012-11-09,"lWA2pjMjpBs",978366240
"Rihanna","Rihanna - Diamonds (Lyric Video)",2012-10-15,"1WifEFI6eK8",54775476
"Rihanna","Rihanna - Stay (Live on SNL) ft. Mikky Ekko",2012-11-21,"C-dW7z0QBNg",31247636
"Rihanna","Rihanna - Diamonds (Audio)",2012-09-28,"kOGBIbqXwYE",61810865
"Rihanna","Rihanna - Diamonds (Live on SNL)",2012-11-15,"2LT23ixDaJo",13539174
"Rihanna","Rihanna - Cockiness (Love It) (Remix) (Audio) ft. A$AP ROCKY",2012-09-05,"3YwkF780FqE",4173408
"Rihanna","Rihanna - Road To 'Talk That Talk' (Part 1)",2012-04-24,"y432iwEl_Z4",6504284
"Rihanna","Rihanna - Battleship: Getting In Character",2012-05-04,"umDkjjvQm9s",1380712
"Rihanna","Rihanna - Road To 'Talk That Talk' (Part 2)",2012-05-09,"KVymJY0eee0",4112546
"Rihanna","Rihanna - Battleship: Naval Training",2012-05-04,"88Wp75ffk_Q",667529
"Rihanna","Rihanna - Battleship: Production Begins",2012-05-04,"MM3h5HcZqVI",1205613
"Rihanna","Rihanna - Stay ft. Mikky Ekko",2013-02-12,"JF8BRvqGCNs",609399857
"Rihanna","Rihanna - What Now (Official)",2013-11-15,"b-3BI9AspYc",207277105
"Rihanna","Rihanna - What Now (Behind The Scenes)",2013-11-13,"Qc7Nh2TXjqw",4272773
"Rihanna","Rihanna - Pour It Up (Explicit)",2013-10-03,"ehcVomMexkY",238046230
"Rihanna","Rihanna - Unfaithful",2014-10-29,"qGoaKJawf4Q",4243764
"Rihanna","Rihanna - SOS",2014-10-29,"etV6--SDilo",2396431
"Rihanna","Rihanna, Kanye West, Paul McCartney - FourFiveSeconds",2015-02-03,"kt0g4dWxEBo",365135496
"Rihanna","Rihanna - Bitch Better Have My Money (In Studio Behind The Scenes) (Explicit)",2015-06-25,"vr1VMr28ldo",21579937
"Rihanna","Rihanna - American Oxygen",2015-04-16,"Ao8cGLIMtvg",71658371
"Rihanna","Bitch Better Have My Money (Live At The 2015 iHeartRadio Music Awards) (Explicit)",2015-03-31,"oQW2FFt3-A8",61116363
"Rihanna","Rihanna - Bitch Better Have My Money (Explicit)",2015-07-02,"B3eAMGXFw1o",107497155
"Rihanna","Rihanna - Pon De Replay",2015-02-20,"RIxmBllRNgw",2964928
"Rihanna","Don’t Stop The Music / Only Girl (In The World) / We Found Love / Where Have You Been (...",2016-09-03,"p9Ygppti7YI",9472968
"Rihanna","Rihanna - Stay / Love On The Brain / Diamonds (Live From The 2016 MTV VMAs)",2016-09-03,"Hqpw9dtKChg",7271600
"Rihanna","Rihanna - Needed Me",2016-04-20,"wfN4PVaOU5Q",138165566
"Rihanna","Rihanna - Kiss It Better (Explicit)",2016-03-31,"49lY0HqqUVc",135789385
"Rihanna","Needed Me / Pour It Up / Bitch Better Have My Money (Live From The 2016 MTV VMAs)",2016-09-03,"MZBRWqxmAjw",5849199
"Rihanna","Rihanna - Needed Me (Behind The Scenes / Part 2)",2016-04-25,"ZZhVEVexw74",4545823
"Rihanna","Rihanna - Work - Live at The BRIT Awards 2016 ft. Drake",2016-02-25,"SQWqksdE4gw",68323376
"Rihanna","Rihanna - Goodnight Gotham",2016-07-30,"UnSrgScjSE8",10392637
"Rihanna","Rihanna - Work (Explicit) ft. Drake",2016-02-22,"HL1UzIK-flA",851186526
"Rihanna","Rihanna - Needed Me (Behind The Scenes / Part 1)",2016-04-21,"a56vc6auhU8",5521495
"Rihanna","Rihanna - Work (In Studio / Behind The Scenes) ft. Drake",2016-02-08,"YtNtEG3LSUw",10683874
"Rihanna","Rihanna - Sledgehammer (From The Motion Picture ""Star Trek Beyond"")",2016-06-30,"BXhIT4MpRis",40111814
"Rihanna","Rihanna - The Making of Sledgehammer",2016-07-11,"xajbUMogxmU",1559358
"Rihanna","Rihanna - Work (Teaser) (Explicit) ft. Drake",2016-02-19,"_V7ZKk-NJVA",26468820
"Beyonce","Beyoncé - Flaws And All",2009-10-03,"iK9Iio7WgaI",21186499
"Beyonce","Beyoncé - Ego",2009-10-03,"hbnPkK76Ask",67253677
"Beyonce","Beyoncé - Freakum Dress",2009-10-03,"ArDXxTsJJoo",32626173
"Beyonce","Beyoncé - Halo",2009-10-03,"bnVUHWCynig",492543460
"Beyonce","Beyoncé - Me, Myself and I",2009-10-03,"4S37SGxZSMc",51062480
"Beyonce","Beyoncé - If I Were A Boy",2009-10-03,"AWpsOqh8q0M",290125021
"Beyonce","Beyoncé - Single Ladies (Put a Ring on It)",2009-10-03,"4m1EFMoRFvY",564537929
"Beyonce","Beyoncé, Shakira - Beautiful Liar",2009-10-03,"QrOe2h9RtWI",246868888
"Beyonce","Beyoncé - Irreplaceable",2009-10-03,"2EwViQxSJJQ",234029866
"Beyonce","Beyoncé - Ring The Alarm",2009-10-03,"eY_mrU8MPfI",36134276
"Beyonce","Beyoncé - Upgrade U ft. Jay-Z",2009-10-03,"6nr8hPnZfMU",95013263
"Beyonce","Beyoncé - Check On It ft. Bun B, Slim Thug",2009-10-03,"Q1dUDzBdnmI",55626085
"Beyonce","Beyoncé - Flaws And All (LIve)",2009-10-03,"b-K-sgXqFRs",7618251
"Beyonce","Beyoncé - Diva",2009-10-03,"rNM5HW13_O8",151540049
"Beyonce","Beyoncé - Sweet Dreams (Live at Wynn Las Vegas)",2009-11-24,"oodecnyzohU",5466500
"Beyonce","Beyoncé - Deja Vu ft. Jay-Z",2009-10-03,"RQ9BWndKEgs",60395772
"Beyonce","Beyoncé - Baby Boy ft. Sean Paul",2009-10-03,"8ucz_pm3LX8",63144204
"Beyonce","Beyoncé - Sweet Dreams",2009-10-03,"JlxByc0-V40",141131667
"Beyonce","Beyoncé - Listen (GRAMMYs on CBS)",2009-12-03,"yKlGcrFpoWU",21438411
"Beyonce","Get Me Bodied (Extended Mix)",2009-10-03,"RioOJ7dZxuw",16165920
"Beyonce","Beyoncé - Crazy In Love ft. JAY Z",2009-10-03,"ViwtNLUqkMY",290392600
"Beyonce","Beyoncé - Green Light",2009-10-03,"bOXvqkC3W4M",31653332
"Beyonce","Beyoncé - Ego (Remix) ft. Kanye West",2009-10-03,"iW5EzxFR4SM",19677892
"Beyonce","Beyoncé - Video Phone",2009-11-18,"CGkvXp0vdng",100604858
"Beyonce","Beyoncé - Beyonce: Behind The Scenes of Video Phone - Part 2 ft. Lady Gaga",2009-12-08,"7_LtemWWeOs",4108004
"Beyonce","Beyoncé - Kitty Kat",2009-10-03,"yahNg-mJ4p8",13776791
"Beyonce","Beyoncé - Sweet Dreams (Behind the Scenes)",2009-11-24,"n1H1XV-BB6Y",1551132
"Beyonce","Beyoncé - Broken-Hearted Girl",2010-11-26,"JXmUYdOVJtc",73983033
"Beyonce","Beyoncé - Broken-Hearted Girl (I AM ... WORLD TOUR)",2010-11-17,"8W8uiX6e7ZM",8591320
"Beyonce","Beyoncé - Say My Name (Live)",2010-11-06,"UDuUjMG6ac8",8817956
"Beyonce","Beyoncé - Halo (Live)",2010-11-23,"yW8qsL1nDPM",5255768
"Beyonce","Beyoncé - Why Don't You Love Me",2010-05-18,"QczgvUDskk0",44498190
"Beyonce","Beyoncé - Halo (Live From Wynn Las Vegas)",2010-03-11,"T2Dk0HRcen4",15509735
"Beyonce","Beyoncé - If I Were A Boy (GRAMMYs on CBS)",2010-02-03,"UqzKEMqKwf0",23981062
"Beyonce","Beyoncé - Scene Six: Scared Of Lonely (Live at Wynn Las Vegas)",2010-10-20,"0SzGKnRg4fs",2824291
"Beyonce","Beyoncé - Scene Eight: Satellites (Live at Wynn Las Vegas)",2010-10-20,"7RMjDxc8TwE",1018496
"Beyonce","Beyoncé - Work It Out",2010-10-23,"PQLySgRW6y8",7410649
"Beyonce","Beyoncé - I AM...World Tour 2 Minute International Trailer",2010-11-22,"FXCXW0Z63fE",182574
"Beyonce","Beyoncé - Diva (Trailer)",2010-11-11,"4BNanYc-tHc",1089524
"Beyonce","Get Me Bodied (Timbaland Remix)",2010-10-23,"HGrRWU7kq7Q",336218
"Beyonce","Beyoncé - I AM...World Tour DVD Teaser 1",2010-11-16,"aG_y_iKPh5Q",294053
"Beyonce","Beyoncé - I AM...World Tour 1 Minute International Trailer",2010-11-22,"Ccyytx518o8",169663
"Beyonce","Beyoncé - I Care (Live at Roseland)",2011-12-22,"nnReaaJwloI",14455606
"Beyonce","Beyoncé - Dance for You",2011-11-27,"PGc9n6BiWXA",99737878
"Beyonce","Beyoncé - I Was Here (Live at Roseland)",2011-11-16,"rLLzkLO8Sh4",22578669
"Beyonce","Beyoncé - Love On Top",2011-10-16,"Ob7vObnFUJc",275800763
"Beyonce","Beyoncé - End Of Time (Live at Roseland)",2011-11-17,"OJBfv9CHlcw",43719235
"Beyonce","Beyoncé - Best Thing I Never Had",2011-07-08,"FHp2KgyQUFk",266676504
"Beyonce","Beyoncé - 1+1",2011-08-26,"KaasJ44O5lI",84060068
"Beyonce","Beyoncé - Countdown",2011-10-07,"2XY3AvVgDns",134778742
"Beyonce","Beyoncé - Naughty Girl",2011-03-17,"RZuJ_OHBN78",66650966
"Beyonce","Beyoncé - Green Light (Live)",2011-03-18,"Ymlw2izmUPU",1884446
"Beyonce","Beyoncé - Beautiful Liar (Live)",2011-03-18,"Jfo-sjDz5Fs",4538857
"Beyonce","Beyoncé - Suga Mama",2011-03-17,"nmP5CBiFigo",4092207
"Beyonce","Beyoncé - Crazy In Love (Live)",2011-04-08,"JptwkEhdNfY",26772217
"Beyonce","Beyoncé - Irreplaceable (Live)",2011-03-18,"RD9r_Vvt9Hg",6017140
"Beyonce","Beyoncé - 1+1 (Audio)",2011-05-31,"MBK_GqLHEZo",7754698
"Beyonce","Beyoncé - Deja Vu",2011-04-11,"9I7N43AAfn4",2558008
"Beyonce","Beyoncé - Year of 4",2011-07-01,"3vXXiku0580",14832024
"Beyonce","Beyoncé - Si Yo Fuera Un Chico (Subtitles)",2011-03-18,"7iMNLqqHPac",483089
"Beyonce","Beyoncé - Party (Behind The Scenes) ft. J Cole",2011-11-22,"vAE3MmpmzwQ",1731000
"Beyonce","Beyoncé - Beyoncé Interview",2011-11-23,"dunGhkCmYKM",2825573
"Beyonce","Beyoncé - Party ft. J. Cole",2011-10-26,"XWCwc1_sYMY",61458758
"Beyonce","Beyoncé - Best Thing I Never Had (Live at Roseland)",2011-11-29,"SpZI7_RW2K4",2222442
"Beyonce","Beyoncé - Dangerously In Love (Live)",2011-03-25,"C95drozWCbI",4360722
"Beyonce","Beyoncé - Best Thing I Never Had (Audio)",2011-05-31,"WwMsWjrlu54",19791436
"Beyonce","Beyoncé - Run the World (Girls)",2011-05-18,"VBmMU_iwe6U",355138410
"Beyonce","Beyoncé - Run The World (Girls) (Teaser)",2011-05-11,"GrYy75PUbnE",3341858
"Beyonce","Beyoncé - Run The World (Girls) (Audio)",2011-04-29,"q9TgJeS81KQ",6027713
"Beyonce","Beyoncé - Video Mash Up",2011-03-21,"sxTc96-9i1A",527373
"Beyonce","Amil - I Got That ft. Beyoncé",2011-03-27,"8Dfzd6PMSSI",1305801
"Beyonce","Beyoncé - Love On Top (Live at Roseland) - Video",2012-01-12,"ByLJstEo0fo",18657243
"Beyonce","Beyoncé - I Was Here (United Nations World Humanitarian Day Performance Video)",2012-08-18,"i41qWJ6QjPI",67867180
"Beyonce","Beyoncé - XO",2013-12-16,"3xUfCUFPL-8",118410221
"Beyonce","He Still Loves Me",2013-12-11,"-o1GCF5Xthc",6803664
"Beyonce","Beyoncé - Drunk in Love (Explicit) ft. JAY Z",2013-12-16,"p1JPKLa-Ofc",413571644
"Beyonce","Beyoncé - Self-Titled, Part 1",2013-12-20,"x-xY-MwDzlE",1656388
"Beyonce","Beyoncé - Pretty Hurts",2014-04-24,"LXXQLa-5n5w",171090153
"Beyonce","Beyoncé - Heaven",2014-11-24,"QyOok1myLjw",15924384
"Beyonce","Beyoncé - Blue ft. Blue Ivy",2014-11-24,"gSsMhQv6KZ8",16257769
"Beyonce","Beyoncé - Jealous",2014-11-24,"WQmYVfHrNxA",26280071
"Beyonce","Beyoncé - Yoncé",2014-11-24,"jcF5HtGvX5I",102782944
"Beyonce","Beyoncé - Grown Woman",2014-11-24,"y3MjxWn5W9M",68258497
"Beyonce","Beyoncé - Mine ft. Drake",2014-11-24,"IDvu1ehPq0g",28880275
"Beyonce","Beyoncé - Rocket",2014-11-24,"sAz2bRy8-L8",10911131
"Beyonce","Beyoncé - ***Flawless ft. Chimamanda Ngozi Adichie",2014-11-24,"IyuUWOnS9BY",54567956
"Beyonce","Beyoncé - Flawless (Remix) ft. Nicki Minaj",2014-10-06,"56qgO0C82vY",44615870
"Beyonce","Beyoncé - Ghost",2014-11-24,"aY9vZv7HCvo",9336459
"Beyonce","Beyoncé - Schoolin' Life (Live in Atlantic City)",2014-01-07,"ag0hsUf9V7Q",1735067
"Beyonce","Beyoncé - Blow",2014-11-24,"CIELYkfoKy8",20769017
"Beyonce","Beyoncé - 7/11",2014-11-24,"OSAOsm1u-OE",39828888
"Beyonce","Beyoncé - Dance For You (Live in Atlantic City)",2014-01-07,"IcILCFKVE7Y",2645938
"Beyonce","Beyoncé - Party (Live in Atlantic City)",2014-01-07,"l7hUdCjKcKo",1171698
"Beyonce","Beyoncé - Pretty Hurts - Behind The Scenes",2014-04-26,"mPpRTVYRm5o",2595999
"Beyonce","Beyoncé - No Angel",2014-11-24,"d7PPjEB2QZQ",14114105
"Beyonce","Beyoncé - Superpower ft. Frank Ocean",2014-11-24,"OQBMQ_2x8Pc",15869443
"Beyonce","Beyoncé - Partition (Clean Video)",2014-02-25,"X2aWLkEmN-M",6378721
"Beyonce","Beyoncé - Haunted",2014-11-24,"K4r4lysSgLE",46390655
"Beyonce","Beyoncé - Self-Titled, Part 4",2014-01-14,"0eZ0mzI37-A",1082372
"Beyonce","Beyoncé - Self-Titled, Part 2",2014-01-14,"41WgKIeCRqs",1470407
"Beyonce","Beyoncé - Drunk in Love ft. JAY Z",2014-03-26,"yhaPgD0Vu4s",908638
"Beyonce","Beyoncé - Self-Titled, Part 5",2014-01-14,"HpxeeFMb1x8",1572666
"Beyonce","Beyoncé - Self-Titled, Part 3",2014-01-14,"h0ExaAg8gHU",1070528
"Beyonce","Beyoncé - Behind The Scenes: Jonas Åkerlund",2014-12-02,"OxlHynVMENM",2577466
"Beyonce","Beyoncé - Work it Out (Live)",2015-01-14,"KzWd8azz79A",2725879
"Beyonce","Beyoncé - Naughty Girl",2015-02-20,"AolIhG8s-o4",4475569
"Beyonce","Beyoncé - Formation",2016-12-09,"WDZJPJV__bQ",36866496
"Beyonce","Beyoncé - All Night",2016-11-30,"gM89Q5Eng_M",37531626
"Beyonce","Beyoncé - Sorry",2016-06-22,"QxsmWxxouIM",205337022
"Beyonce","Beyoncé - Hold Up",2016-09-04,"PeonBmeFR8o",89101852
"Beyonce","Beyoncé - Love Drought",2017-02-13,"CUyQSKe75L4",6487409
"Beyonce","Beyoncé - Sandcastles",2017-02-13,"RD38JT8rypY",12710508
"Katty Perry","Katy Perry - Hot N Cold (Official)",2008-10-14,"kTHNpusq654",567927795
"Katty Perry","Katy Perry - I Kissed A Girl (Official)",2008-06-10,"tAp9BKosZXs",118676131
"Katty Perry","Katy Perry - Ur So Gay (Official)",2008-04-03,"tWbLkXhGEmo",56788074
"Katty Perry","Katy Perry - Thinking Of You (Official)",2009-01-13,"wdGZBRAwW74",97220493
"Katty Perry","Katy Perry - Waking Up In Vegas (Official)",2009-04-30,"1-pUaogoX5o",71575187
"Katty Perry","Katy Perry - Teenage Dream (Official)",2010-08-10,"98WtmW-lfeE",193340260
"Katty Perry","Katy Perry - Firework (Official)",2010-10-28,"QGJuMBdaqIw",900346525
"Katty Perry","Katy Perry - Teenage Dream (Director's Cut)",2010-09-10,"41i4uCWST_U",47918984
"Katty Perry","Katy Perry - California Gurls (Official) ft. Snoop Dogg",2010-06-15,"F57P9C4SAW4",375524717
"Katty Perry","Katy Perry - Thinking Of You (Live on Letterman)",2010-10-18,"md1dI_Wahx4",1984151
"Katty Perry","Katy Perry - Hot N Cold (Live on Letterman)",2010-10-18,"Lm3oNfctErY",5719275
"Katty Perry","Katy Perry - Firework (Lyric Video)",2010-10-14,"b3bkpyNiv8Y",4387483
"Katty Perry","Katy Perry - Waking Up In Vegas (Live on Letterman)",2010-10-18,"frvj9fBfTYg",1444687
"Katty Perry","Katy Perry - Teenage Dream (Live on Letterman)",2010-10-18,"9_e2xqWr-eI",4634751
"Katty Perry","Katy Perry - Making of “California Gurls” Music Video",2010-07-09,"8zgb7ZnxHBc",11636137
"Katty Perry","Katy Perry - I Kissed A Girl (Live on Letterman)",2010-10-18,"QmC5n5BgI28",5675379
"Katty Perry","Katy Perry - Peacock (Live on Letterman)",2010-10-18,"iZEBNioAMxU",11090104
"Katty Perry","Katy Perry - California Gurls (Live on Letterman)",2010-10-18,"jusEL6drchE",3016081
"Katty Perry","Katy Perry - Teenage Dream (Kaskade Club Remix Video)",2010-10-28,"SYKnTeclmOs",11483427
"Katty Perry","Katy Perry - Firework (Live on Letterman)",2010-10-18,"G2Zd5-sTvV0",7981797
"Katty Perry","The Making of ""California Gurls"" (30 Minute Version)",2010-08-02,"FZ0vnv2xc7A",10188760
"Katty Perry","Katy Perry - The One That Got Away (Official)",2011-11-11,"Ahha3Cqe_fk",512154082
"Katty Perry","Katy Perry - E.T. (Audio)",2011-01-28,"18oYGsmUprM",34668598
"Katty Perry","Katy Perry - E.T. (Official) ft. Kanye West",2011-03-31,"t5Sd5c4o9UM",441971646
"Katty Perry","Katy Perry - The Making of “The One That Got Away” Music Video",2011-12-28,"LG1bLlGfirw",3554837
"Katty Perry","Katy Perry - Last Friday Night (T.G.I.F.) (Official)",2011-06-12,"KlyXNRrsk4A",907150998
"Katty Perry","Katy Perry - The One That Got Away (Audio)",2011-10-06,"ePQe5E69INg",10467579
"Katty Perry","Katy Perry - Making of “Last Friday Night (T.G.I.F.)” Music Video",2011-08-29,"CsYnQjJRf6o",8208304
"Katty Perry","Katy Perry - The One That Got Away (Music Video Trailer)",2011-11-04,"UhQsh6ciXuc",9608873
"Katty Perry","Katy Perry - Making of the “Firework” Music Video",2011-01-05,"4X-f-TIsT5M",3429329
"Katty Perry","Katy Perry - Nobody Likes Kathy Beth Terry on Facebook (Making of “Last Friday Night (T...",2011-06-10,"yAtvoXNO91c",5267801
"Katty Perry","Katy Perry - 8th Grade Is STILL Weird (Making of “Last Friday Night (T.G.I.F.)”) - Part 5",2011-06-10,"aJVSLqtB3pk",4557202
"Katty Perry","Katy Perry - I Go For Steve Johnson (Making of “Last Friday Night (T.G.I.F.)”) - Part 2",2011-06-10,"JRSvnKUZiUQ",2974053
"Katty Perry","Katy Perry - Jocks (Making of “Last Friday Night (T.G.I.F.)”) - Part 6",2011-06-13,"HC6KwP0U7K0",3058210
"Katty Perry","Katy Perry - Uncle Kenny (Making of “Last Friday Night (T.G.I.F.)”) - Part 7",2011-06-15,"B8j1HN5ouf4",1196942
"Katty Perry","The Love of Everett McDonald’s Life (Making of “Last Friday Night (T.G.I.F.)”) - Part 4",2011-06-10,"UOE5iX7CKb0",3167697
"Katty Perry","Katy Perry - Get Off Me Everett! (Making of “Last Friday Night (T.G.I.F.)”) - Part 3",2011-06-10,"lps8NIAjpgE",7205805
"Katty Perry","Katy Perry - Part Of Me (Official)",2012-03-21,"uuwfgXD8qV8",582131946
"Katty Perry","Katy Perry - Wide Awake (Official)",2012-06-18,"k0BWlvnBmIE",647608051
"Katty Perry","Katy Perry - Part Of Me (Lyric Video)",2012-02-13,"2Fko7_SV3Lc",51864985
"Katty Perry","Katy Perry - Dressin' Up (Lyric Video)",2012-03-29,"C86okMJYJ3E",8667565
"Katty Perry","Katy Perry - Wide Awake (Lyric Video)",2012-05-21,"-3D5FwwtNVM",31499363
"Katty Perry","Katy Perry - Wide Awake (Music Video Trailer)",2012-06-12,"FtaYzjnzxpw",3038416
"Katty Perry","Katy Perry - Tommie Sunshine’s Megasix Smash-Up",2012-03-29,"SbppJusWws0",10111906
"Katty Perry","Katy Perry - Thinking Of You (Extended Video)",2012-04-16,"GyYEMXHIVAU",31931258
"Katty Perry","Katy Perry - Part Of Me Theatrical Trailer",2012-04-04,"K16NvLCk2CY",4276774
"Katty Perry","Katy Perry - Waking Up In Vegas (Manhattan Clique Remix)",2012-03-26,"-m4QgmU4zts",8320421
"Katty Perry","Katy Perry - #VevoCertified Pt. 1: Award Presentation",2012-06-25,"3YffSkMkb78",1004991
"Katty Perry","Katy Perry - #VevoCertified, Pt. 13: Teenage Dream (Katy Commentary)",2012-06-29,"kywphzgzvOQ",216521
"Katty Perry","Katy Perry - #VevoCertified, Pt. 3: Katy Talks About Her Fans",2012-06-25,"x0nQ9s3bLsg",695844
"Katty Perry","Katy Perry - #VEVOCertified, Pt. 2: Katy On Making Music Videos",2012-06-25,"jEswn9yB0wQ",922560
"Katty Perry","Katy Perry - #VevoCertified, Pt. 12: The One That Got Away (Katy Commentary)",2012-06-29,"oSkfQ4rHonI",223656
"Katty Perry","Katy Perry - The Making of Katy Perry's ""Wide Awake""",2012-08-30,"EGs6MgYOVxg",9696767
"Katty Perry","Katy Perry - #VevoCertified, Pt. 9: Firework (Katy Commentary)",2012-06-28,"uyFBmhADwbo",280666
"Katty Perry","Katy Perry - #VEVOCertified, Pt. 11: E.T. (Katy Commentary)",2012-06-29,"RVGIzjwhjMs",907608
"Katty Perry","Katy Perry - #VEVOCertified, Pt. 8: Last Friday Night (Fan Lip Sync Version)",2012-06-27,"8lJp9InR-z0",433760
"Katty Perry","Katy Perry - #VEVOCertified, Pt. 10: Last Friday Night (T.G.I.F.) (Katy Commentary)",2012-06-28,"ONzHhtpTH_Y",898718
"Katty Perry","Katy Perry - #VEVOCertified, Pt. 5: Katy Superfans",2012-06-26,"-UPP-jfjRoc",697153
"Katty Perry","Katy Perry - #VevoCertified, Pt. 4: Katy's Favorite Video",2012-06-25,"G7TGJwsWP0k",571676
"Katty Perry","Katy Perry - #VevoCertified, Pt. 7: Katy on California Gurls",2012-06-27,"HPbLcFXQ-Tw",420534
"Katty Perry","Katy Perry - #VevoCertified, Pt. 6: Fans On Their Favorite Katy Videos",2012-06-26,"4Ga1v28MEtA",192290
"Katty Perry","Katy Perry - Unconditionally (Official)",2013-11-20,"XjwZAa2EjKA",369276032
"Katty Perry","Katy Perry - Roar (Official)",2013-09-05,"CevxZvSJLk8",1899285120
"Katty Perry","Katy Perry - Unconditionally (Lyric Video)",2013-10-19,"hHimjVYsd6I",23451018
"Katty Perry","Katy Perry - Walking On Air (Audio)",2013-09-30,"t4D5egXVqSg",11785495
"Katty Perry","Katy Perry - Making of the “Unconditionally” Music Video",2013-12-26,"qBjMxC10AY4",1701450
"Katty Perry","Katy Perry - Roar (Lyric Video)",2013-08-12,"e9SeJIgWRPk",86767974
"Katty Perry","Katy Perry - Making of the ""Roar"" Music Video",2013-11-14,"Z0Q8j3HJagE",17293772
"Katty Perry","Katy Perry - Unconditionally (Music Video Trailer)",2013-11-14,"6y9WZgbXM04",5602606
"Katty Perry","Katy Perry - Roar: Satin Cape (Single Preview)",2013-08-09,"5kPRsDUyUGE",3589335
"Katty Perry","Katy Perry - Roar: The Third Coming (Single Preview)",2013-08-05,"GXcnqxgx62I",4068524
"Katty Perry","Katy Perry - Roar: From A Meow To A Roar (Single Preview)",2013-08-07,"aEjWrS7SfLQ",7982924
"Katty Perry","Katy Perry - Roar: Burning Baby Blue (Single Preview)",2013-08-02,"m5Hel36qrFI",7979021
"Katty Perry","Katy Perry - Roar: Queen of the Jungle (Music Video Trailer)",2013-08-26,"3yD_-C7Hn2Y",3597613
"Katty Perry","Katy Perry - Birthday (Lyric Video)",2014-04-10,"jqYxyd1iSNk",194792260
"Katty Perry","Katy Perry - This Is How We Do (Official)",2014-07-31,"7RMQksXpQSk",579261723
"Katty Perry","Katy Perry - Making of the “This Is How We Do” Music Video",2014-09-08,"cCd4ywyCR44",5283643
"Katty Perry","Katy Perry - Dark Horse (Official) ft. Juicy J",2014-02-20,"0KSOMA3QBU0",1794106121
"Katty Perry","Katy Perry - This Is How We Do (Lyric Video)",2014-07-24,"PGi2Zg2DK0Q",12026113
"Katty Perry","Katy Perry - Birthday (Official)",2014-04-24,"CEUg7OplvIQ",59192708
"Katty Perry","Katy Perry - Princess Mandee: The Unseen Footage From Katy Perry’s “Birthday” Music Video",2014-06-25,"Otx7FEINUds",6595791
"Katty Perry","Katy Perry - Goldie The Dancer: The Unseen Footage From Katy Perry’s “Birthday”",2014-05-22,"OMc_st-Z87Q",3272048
"Katty Perry","Katy Perry - Dark Horse (Music Video Trailer)",2014-02-13,"vwqiKh1twTM",5914949
"Katty Perry","Katy Perry - By The Grace of God (Audio)",2015-02-07,"HfIZ7WXvDxo",5864904
"Katty Perry","Katy Perry - Firework (From “The Prismatic World Tour Live”)",2015-10-30,"iQPntUPNDlQ",2345701
"Katty Perry","Katy Perry - Roar (From “The Prismatic World Tour Live”)",2015-10-16,"Rh47oTsRf-w",6244869
"Katty Perry","Katy Perry - Dark Horse (From “The Prismatic World Tour Live”)",2015-11-11,"geuDH75InLw",4409216
"Katty Perry","Katy Perry - I Kissed A Girl (From “The Prismatic World Tour Live”)",2015-10-23,"WR3dBmGEUi4",3823120
"Katty Perry","Katy Perry - Rise (Official)",2016-08-05,"hdw1uKiTI5c",108351948
"Katty Perry","Katy Perry - Making Of The “Rise” Music Video (Live From The Honda Stage)",2016-08-16,"ywPJCIeAXgc",1185865
"Katty Perry","Katy Perry - Chained To The Rhythm (Official) ft. Skip Marley",2017-02-21,"Um7pMggPnug",139246292
"Katty Perry","Katy Perry - Chained To The Rhythm (Live at The BRIT Awards 2017) ft. Skip Marley",2017-02-23,"-8m0XFea2zE",4763494
"Katty Perry","Katy Perry - Chained To The Rhythm (Lyric Video) ft. Skip Marley",2017-02-10,"8gsGhdZDC-0",64019557
"Briney Spears","Britney Spears - Break The Ice",2009-10-25,"eQFIKP9rGhQ",55653104
"Briney Spears","Britney Spears - Everytime",2009-10-25,"8YzabSdk7ZA",83452437
"Briney Spears","Britney Spears - Overprotected",2009-10-25,"PZYSiWHW8V0",70256619
"Briney Spears","Britney Spears - Circus",2009-10-25,"lVhJ_A8XUgc",132022597
"Briney Spears","Britney Spears - Womanizer (Director's Cut)",2009-10-25,"rMqayQ-U74s",163612295
"Briney Spears","Britney Spears - If U Seek Amy",2009-10-25,"0aEnnH6t8Ts",66521361
"Briney Spears","Britney Spears - Radar",2009-10-25,"PctD-8y0FRg",62650558
"Briney Spears","Britney Spears - Born To Make You Happy",2009-10-25,"Yy5cKX4jBkQ",23575976
"Briney Spears","Britney Spears - (You Drive Me) Crazy",2009-10-25,"Q4VK9_CfOLQ",75436521
"Briney Spears","Britney Spears - Piece Of Me",2009-10-25,"u4FF6MpcsRw",93524455
"Briney Spears","Britney Spears - Lucky",2009-10-25,"4vvBAONkYwI",69877020
"Briney Spears","Britney Spears - Sometimes",2009-10-25,"t0bPrt69rag",78589061
"Briney Spears","Britney Spears - Don't Let Me Be The Last To Know",2009-10-25,"jGoM7atmJJA",27698356
"Briney Spears","Britney Spears - I'm Not A Girl, Not Yet A Woman",2009-10-25,"IlV7RhT6zHs",68237141
"Briney Spears","Britney Spears - 3",2009-11-14,"oTs6oQx1WJY",63249406
"Briney Spears","Britney Spears - From The Bottom Of My Broken Heart",2009-10-25,"fHPnGqXXUmI",17750665
"Briney Spears","Britney Spears - Gimme More",2009-10-25,"elueA2rofoo",124185191
"Briney Spears","Britney Spears - Stronger",2009-10-25,"AJWtLf4-WWs",71237858
"Briney Spears","Britney Spears - My Prerogative",2009-10-25,"dIOH8Trfas4",26871115
"Briney Spears","Britney Spears - Toxic (Official Video)",2009-10-25,"LOZuxwVk7TU",249861107
"Briney Spears","Britney Spears - I'm A Slave 4 U",2009-10-25,"Mzybwwf2HoQ",85479687
"Briney Spears","Britney Spears - ...Baby One More Time",2009-10-25,"C-u5WLJ9Yk4",257013721
"Briney Spears","Britney Spears - Oops!...I Did It Again (Official Video)",2009-10-25,"CduA0TULnow",129825174
"Briney Spears","Britney Spears - Boys",2009-10-25,"s25OMP4Ww6Y",38834513
"Briney Spears","Britney Spears - Kill The Lights",2009-11-14,"Rh5XoRmcky8",6371146
"Briney Spears","Britney Spears - Circus: Making The Video",2009-10-25,"jQBuiQ-3xXI",375217
"Briney Spears","Britney Spears - Circus: The Interview",2009-10-25,"_G6hXqFUnmU",429686
"Briney Spears","Britney Spears - I Love Rock 'N' Roll",2009-10-25,"ITuOddPeYoc",20497659
"Briney Spears","Britney Spears - Me Against The Music ft. Madonna",2011-03-18,"clwLKJ294u4",20124916
"Briney Spears","Britney Spears - Someday (I Will Understand)",2011-03-18,"kBtBfGxNqpY",5621802
"Briney Spears","Britney Spears - Criminal",2011-10-18,"s6b33PTbGxk",63649689
"Briney Spears","Britney Spears - Criminal (Lyric Video)",2011-10-12,"_yZZS4jxEgc",13341079
"Briney Spears","Britney Spears - Till The World Ends",2011-04-05,"qzU9OrZlKb8",167507892
"Briney Spears","Britney Spears - I Wanna Go",2011-06-22,"T-sxSd1uwoU",222317769
"Briney Spears","Britney Spears - Piece Of Me",2011-07-22,"b7t8l_lm-SI",13275725
"Briney Spears","Britney Spears - DANCE Till The World Ends",2011-04-14,"M3Lqg-46mDo",7967916
"Briney Spears","Britney Spears - Criminal (Radio Mix (Audio))",2011-09-27,"7WvJFe_cRjI",8063928
"Briney Spears","Britney Spears - Till The World Ends (Audio)",2011-03-17,"kAVlvCiySms",8148590
"Briney Spears","Britney Spears - Hold It Against Me",2011-02-17,"-Edv8Onsrgg",115352739
"Briney Spears","Britney Spears - I Wanna Go (Pete Phantom Remix (Audio))",2011-07-23,"8S6315RAcuI",604450
"Briney Spears","Britney Spears - Hold It Against Me (Audio)",2011-01-12,"GJSm_QMO6zA",11288608
"Briney Spears","Britney Spears - Till The World Ends (Lyric Video)",2011-04-04,"n4T3KrE-n_U",637565
"Briney Spears","Britney Spears - I Wanna Go (Desi Hits!: Remix)",2011-07-26,"swvfQTJms0U",1991178
"Briney Spears","Britney Spears - I Wanna Go (Vada Remix) (Audio)",2011-06-30,"W491vNYgfkg",204548
"Briney Spears","Britney Spears - I Wanna Go (Gareth Emery Remix) (Audio)",2011-07-02,"HVKgWVMnl_w",317686
"Briney Spears","Britney Spears - The Femme Fatale Tour (DVD Teaser)",2011-11-11,"fw4yVcUibFs",885605
"Briney Spears","Britney Spears - I Wanna Go (Teaser)",2011-06-20,"hjdGo9v_RoQ",8677046
"Briney Spears","Britney Spears - I Wanna Go (Moguai Remix) (Audio)",2011-06-30,"zeZ3zkpV8BQ",501741
"Briney Spears","Britney Spears - #VEVOCertified, Pt. 1: Award Presentation",2012-11-26,"y0vAcXAzTuw",1021696
"Briney Spears","Britney Spears - #VEVOCertified, Pt. 2: Britney On Making Music Videos",2012-11-26,"OATqigDdx1w",1486880
"Briney Spears","Britney Spears - #VEVOCertified, Pt. 5: I Wanna Go (Britney Commentary)",2012-11-26,"9FdZblNPTwM",660497
"Briney Spears","Britney Spears - Till The World Ends (Twister Remix) (Audio)",2012-09-18,"q2RJA-BcuIw",476130
"Briney Spears","Britney Spears - #VEVOCertified, Pt. 4: Till The World Ends (Britney Commentary)",2012-11-26,"39inBt6jQmc",635906
"Briney Spears","Britney Spears - #VEVOCertified, Pt. 3: Britney Superfans",2012-11-26,"r0PdfKbm0kw",480202
"Briney Spears","Britney Spears - #VEVOCertified, Pt. 6: Till The World Ends (Fan Lip Sync Version)",2012-11-26,"L15kXUC19no",662851
"Briney Spears","Britney Spears - Perfume",2013-12-10,"_rxgp7TJhUE",31765414
"Briney Spears","Britney Spears - Perfume (Lyric Video)",2013-11-19,"PsO1UsFMuaY",4807460
"Briney Spears","Britney Spears - My Only Wish (This Year) (Audio)",2013-10-22,"_MzumcY3lpk",2080597
"Briney Spears","Britney Spears - Ooh La La (From The Smurfs 2) [lyric]",2013-06-28,"8x-gPciJRH8",4817401
"Briney Spears","Britney Spears - Ooh La La (From The Smurfs 2)",2013-07-11,"NVcSNnqRD0c",58989146
"Briney Spears","Britney Spears - Perfume (Audio)",2013-11-04,"nmg811Vj3zU",4613666
"Briney Spears","Britney Spears - Work B**ch",2013-10-02,"pt8VYOfr8To",247001425
"Briney Spears","Britney Spears - Work B**ch (Audio)",2013-09-15,"ra-h_p-vD2s",14411782
"Briney Spears","Britney Spears - Ooh La La (Audio)",2013-06-17,"IjAxY9sjpMM",11471435
"Briney Spears","Britney Spears - Now That I Found You (Audio)",2014-01-25,"e4_hkDXX7nk",2180180
"Briney Spears","Britney Spears - It Should Be Easy (Audio) ft. will.i.am",2014-01-24,"w3MRrIbqe-4",2991332
"Briney Spears","Giorgio Moroder - Tom's Diner (Audio) ft. Britney Spears",2015-06-18,"k0dLuNNNk5A",1883928
"Briney Spears","Britney Spears - Do Somethin'",2015-07-17,"Bb1ad7r5oN8",4226234
"Briney Spears","Britney Spears, Iggy Azalea - Pretty Girls (Audio)",2015-05-04,"Bqj-ab_H9KU",13032503
"Briney Spears","Britney Spears, Iggy Azalea - Pretty Girls",2015-05-13,"uV2uebhnqOw",160244920
"Briney Spears","Britney Spears - Slumber Party ft. Tinashe",2016-11-18,"2RRY3OVqtwc",60922430
"Briney Spears","Britney Spears - Make Me... (Audio) ft. G-Eazy",2016-07-15,"oydff0QlXSM",26424387
"Briney Spears","Britney Spears - Megamix (2016 Billboard Music Awards Performance)",2016-05-26,"-H31vvgj8ys",16258373
"Briney Spears","Britney Spears - Slumber Party (Marc Stout & Scott Svejda Remix) [Audio] ft. Tinashe",2016-12-23,"ZzqIEGRpx0c",300021
"Briney Spears","Britney Spears - Slumber Party (Bad Royale Remix) [Audio] ft. Tinashe",2016-12-23,"4rnnhZeeNdI",115613
"Briney Spears","Britney Spears - Make Me... ft. G-Eazy",2016-08-05,"etfJCm0nfr4",53249594
"Briney Spears","Britney Spears - Slumber Party (Danny Dove Remix) [Audio] Digital ft. Tinashe",2016-12-23,"C-fC87tTVzo",111503
"Briney Spears","Britney Spears - Slumber Party (Bimbo Jones Remix) [Audio] ft. Tinashe",2016-12-23,"izQd8lEv9k4",205677
"Briney Spears","Britney Spears - Make Me... / Me, Myself & I (Live from the 2016 MTV VMAs) ft. G-Eazy",2016-08-29,"mGDeAWDNaZo",19797401
"Briney Spears","Britney Spears - Slumber Party (Misha K Remix) [Audio] ft. Tinashe",2016-12-23,"NNSyKauGSxc",119261
"Madonna","Girl Gone Wild - UMF Mix (Live From Ultra Music Festival)",2012-04-06,"qr5VqBP1voA",3347487
"Madonna","Madonna - Girl Gone Wild",2012-03-26,"6kxLeC9r45k",16222611
"Madonna","Madonna - Girl Gone Wild (Lyric Video)",2012-02-27,"qBMiYJ7kzbI",14242911
"Madonna","Madonna - Turn Up The Radio",2012-07-26,"KVhgGWzJzfM",2867531
"Madonna","Madonna - MDNA Album Release Party",2012-05-10,"pAax5vYmWpg",225961
"Madonna","Madonna - Girl Gone Wild (Teaser)",2012-03-09,"uebtC5LdoYA",5859465
"Madonna","Madonna - Vogue (MDNA World Tour)",2013-09-04,"yzG_3UJ-LvU",9626822
"Madonna","Madonna - Ghosttown",2015-04-08,"GgDxv0Qg_Rg",29217191
"Madonna","Madonna - Living For Love",2015-02-06,"u9h7Teiyvc8",28678806
"Madonna","Madonna - Living For Love (Live at The BRIT Awards 2015)",2015-03-03,"jAxqzaQpiU0",3595026
"Madonna","Madonna - Bitch I'm Madonna (Behind The Scenes) ft. Nicki Minaj",2015-06-18,"nVxj_4BmFYY",1949400
"Madonna","Madonna - Bitch I'm Madonna (Sander Kleinenberg Remix) ft. Nicki Minaj",2015-07-13,"9VWfLg_jxjk",2711414
"Madonna","Madonna - Bitch I'm Madonna ft. Nicki Minaj",2015-06-18,"7hPMmzKs62w",235812822
"Madonna","Madonna - Bitch I'm Madonna (Behind The Scenes) ft. Nicki Minaj",2015-06-29,"PfKtP3e-zLs",1821990
"Madonna","Madonna - Borderline (Live On The Tonight Show Starring Jimmy Fallon)",2016-06-28,"avqB1K0wcdo",308042
"Adele","Adele - Chasing Pavements",2009-10-25,"08DjMT-qR9g",98230118
"Adele","Adele - Hometown Glory",2009-10-25,"BW9Fzwuf43c",80037151
"Adele","Adele - Rolling in the Deep",2010-11-30,"rYEDA3JcQqw",1079574752
"Adele","Adele - ASK:REPLY",2010-11-30,"eqKL3vES8bo",1800607
"Adele","Adele - Set Fire To The Rain (Live at The Royal Albert Hall)",2011-11-16,"Ri7-vnrJD3k",333134256
"Adele","Adele - Someone Like You",2011-09-29,"hLQl3WQQoQ0",850979319
"Adele","Adele - Turning Tables (Live at The Royal Albert Hall)",2011-11-21,"bsFCO8-oCEQ",55204080
"Adele","Adele - Make You Feel My Love (Live on Letterman)",2011-04-21,"LLoyNxjhTzc",43001074
"Adele","Adele - Don't You Remember (Live at Largo)",2011-02-19,"RDRwqTNLGDs",70594500
"Adele","Adele - Turning Tables (Live at Largo)",2011-02-11,"w44dk4ysnz8",16842804
"Adele","Adele - Hometown Glory (Live on Letterman)",2011-04-21,"3Rzo-vMWJOk",3809959
"Adele","Adele - Turning Tables (Live on Letterman)",2011-04-21,"omkUG4kugvw",5687712
"Adele","Adele - Someone Like You (Live in Her Home)",2011-01-29,"NAc83CF8Ejk",97906216
"Adele","Adele - Chasing Pavements (Live on Letterman)",2011-04-21,"N-X6a_H5ro4",1385032
"Adele","Adele - Someone Like You (Live on Letterman)",2011-04-21,"ks_TWcupE6w",6395168
"Adele","Adele - Lovesong (Live on Letterman)",2011-04-21,"DyM5jb2ZABs",9056360
"Adele","Adele - Don't You Remember (Live on Letterman)",2011-04-21,"dnru17nOZzM",4081503
"Adele","Adele - Rolling In The Deep (Live on Letterman)",2011-04-21,"kkFmaCTRb6w",3835174
"Adele","Adele - Someone Like You (Live at Largo)",2011-02-15,"JS2kenvaIuo",3713217
"Adele","Adele - Rolling In The Deep (Live at Largo)",2011-01-16,"O-Dmt2-7VqQ",3440871
"Adele","Adele - Adele's 21: The Inspiration - Part 1",2011-02-08,"QKAQ4baruqc",1130678
"Adele","Adele - Adele's 21: The Inspiration - Part 4",2011-02-18,"C6qBhiyNvAs",1257946
"Adele","Adele - Adele's 21: The Inspiration - Part 2",2011-02-08,"-PgQ6JP8zxg",1415368
"Adele","Adele - Adele's 21: The Inspiration - Part 3",2011-02-11,"Q_cJ6avcJQk",1159389
"Adele","Adele - Skyfall (Lyric Video)",2012-10-18,"DeumyOzKqgI",248712805
"Adele","Adele - When We Were Young (Live at The Church Studios)",2015-11-17,"DDWKuo3gXMQ",214594997
"Adele","Adele - Hello",2015-10-23,"YQHsXMglC9A",1926514214
"Adele","Adele - Hello (Live at the NRJ Awards)",2015-11-09,"DfG6VKnjrVw",68868814
"Adele","Adele - When We Were Young (Live on SNL)",2015-11-22,"aV8NqiYjuIc",27324492
"Adele","Adele - Send My Love (To Your New Lover)",2016-05-23,"fk4BbF7B29w",365265977
"Adele","Adele - When We Were Young - Live at The BRIT Awards 2016",2016-02-25,"HDpCv71r-0U",25313093
